{
  "transformations": [
    {
      "prob": 0.4,
      "trans_y": 8.655175,
      "trans_x": 5.401953,
      "rotate_scaleyy": -0.293706,
      "rotate_scaleyx": -0.461538,
      "rotate_scalexy": -0.531469,
      "rotate_scalexx": 0.307692
    },
    {
      "prob": 0.15,
      "trans_y": 4.15299,
      "trans_x": -1.295248,
      "rotate_scaleyy": -0.447552,
      "rotate_scaleyx": 0.153846,
      "rotate_scalexy": -0.076923,
      "rotate_scalexx": 0.307692
    },
    {
      "prob": 0.45,
      "trans_y": 7.269794,
      "trans_x": -4.893637,
      "rotate_scaleyy": -0.195804,
      "rotate_scaleyx": 0.692308,
      "rotate_scalexy": 0.545455,
      "rotate_scalexx": 0.0
    }
  ],
  "name": "coral"
}